Asset,Daily Volatility,Annual Volatility,Sharpe Ratio,Beta (vs BTC)
BTC,0.022297336281941936,0.3539592402071757,-0.021111850765516124,1.0
ETH,0.03950248376212074,0.627082489223632,-0.017829476278659988,1.4548468121194742
SOL,0.04551208141103987,0.7224818943752228,-0.03318563611636214,1.6298225911008313
ADA,0.054703058365680714,0.8683841303414555,-0.05147549070555859,1.913671230853289
DOGE,0.049609394094503004,0.7875247167999078,-0.06144717469689443,1.797499543155847
